,Demographic information,Demographic information,Clinical information,Clinical information,Clinical information,Medication,Medication,Medication,Medication,Medication,Medication,Overview of motor examination,Overview of motor examination,UPDRS III motor scale: specific items,UPDRS III motor scale: specific items,UPDRS III motor scale: specific items,UPDRS III motor scale: specific items,UPDRS III motor scale: specific items,UPDRS III motor scale: specific items,UPDRS III motor scale: specific items,UPDRS III motor scale: specific items,UPDRS III motor scale: specific items,UPDRS III motor scale: specific items,UPDRS III motor scale: specific items,UPDRS III motor scale: specific items,UPDRS III motor scale: specific items,UPDRS III motor scale: specific items,UPDRS III motor scale: specific items,UPDRS III motor scale: specific items,UPDRS III motor scale: specific items,UPDRS III motor scale: specific items,UPDRS III motor scale: specific items,UPDRS III motor scale: specific items,UPDRS III motor scale: specific items,UPDRS III motor scale: specific items,UPDRS III motor scale: specific items,UPDRS III motor scale: specific items,UPDRS III motor scale: specific items,UPDRS III motor scale: specific items,UPDRS III motor scale: specific items,Speech examination: speaking task of reading passage,Speech examination: speaking task of reading passage,Speech examination: speaking task of reading passage,Speech examination: speaking task of reading passage,Speech examination: speaking task of reading passage,Speech examination: speaking task of reading passage,Speech examination: speaking task of reading passage,Speech examination: speaking task of reading passage,Speech examination: speaking task of reading passage,Speech examination: speaking task of reading passage,Speech examination: speaking task of reading passage,Speech examination: speaking task of reading passage,Speech examination: speaking task of monologue,Speech examination: speaking task of monologue,Speech examination: speaking task of monologue,Speech examination: speaking task of monologue,Speech examination: speaking task of monologue,Speech examination: speaking task of monologue,Speech examination: speaking task of monologue,Speech examination: speaking task of monologue,Speech examination: speaking task of monologue,Speech examination: speaking task of monologue,Speech examination: speaking task of monologue,Speech examination: speaking task of monologue
Participant code,Age (years),Gender,Positive history of Parkinson disease in family,Age of disease onset (years),Duration of disease from first symptoms (years),Antidepressant therapy,Antiparkinsonian medication,Antipsychotic medication,Benzodiazepine medication,Levodopa equivalent (mg/day),Clonazepam (mg/day),Hoehn & Yahr scale (-),UPDRS III total (-),18. Speech,19. Facial Expression,20. Tremor at Rest - head,20. Tremor at Rest - RUE,20. Tremor at Rest - LUE,20. Tremor at Rest - RLE,20. Tremor at Rest - LLE,21. Action or Postural Tremor - RUE,21. Action or Postural Tremor - LUE,22. Rigidity - neck,22. Rigidity - RUE,22. Rigidity - LUE,22. Rigidity - RLE,22. Rigidity - LLE,23.Finger Taps - RUE,23.Finger Taps - LUE,24. Hand Movements  - RUE,24. Hand Movements  - LUE,25. Rapid Alternating Movements - RUE,25. Rapid Alternating Movements -  LUE,26. Leg Agility - RLE,26. Leg Agility - LLE,27.  Arising from Chair ,28. Posture,29. Gait,30. Postural Stability,31. Body Bradykinesia and Hypokinesia,Entropy of speech timing (-),Rate of speech timing (-/min),Acceleration of speech timing                                (-/min2),Duration of pause intervals (ms),Duration of voiced intervals (ms),"Gaping                          in-between voiced
intervals  (-/min)",Duration of unvoiced stops (ms),Decay of unvoiced fricatives              (promile/min),Relative loudness of respiration (dB),Pause intervals per respiration (-),Rate of speech respiration                (-/min),"Latency of
respiratory exchange (ms)",Entropy of speech timing (-),Rate of speech timing (-/min),Acceleration of speech timing (-/min2),Duration of pause intervals (ms),Duration of voiced intervals (ms),"Gaping                         in-between voiced
intervals                   (-/min)",Duration of unvoiced stops (ms),Decay of unvoiced fricatives              (?/min),Relative loudness of respiration (dB),Pause intervals per respiration (-),Rate of speech respiration           (- /min),"Latency of
respiratory exchange (ms)"
PD01,58,F,No,56,2,No,No,No,No,0,0,1.5,8,0,1,0,0,2,0,2,0,0,0,0,1,0,0,0,1,0,0,0,1,0,0,0,0,0,0,0,1.564,354,6.05,146,264,58.65,31.38,-2.101,-22.47,4.5,21.14,167,1.564,333,-2.82,158,318,49.01,22.37,0.588,-19.77,6,13.81,127
PD02,68,F,No,67,1,No,No,No,No,0,0,2.5,22,1,1,0,0,0,0,0,1,1,1,0,1,1,2,1,2,0,1,1,2,1,2,0,1,0,1,1,1.564,340,27.52,173,253,48.26,22.38,-1.745,-24.59,7,15.28,163,1.569,285,8.2,295,264,40.56,26.88,-0.825,-23.26,4,21.77,313
PD03,68,M,No,67,1,No,No,No,No,0,0,2,19,0,2,0,0,0,0,0,0,0,2,0,0,2,2,1,1,0,1,0,0,1,2,0,3,0,0,2,1.55,211,11.97,377,322,47.54,38.12,2.657,-16.89,3,20.76,372,1.55,247,4.71,280,317,48.97,22.37,-0.955,-13.29,4,22.52,201
PD04,75,M,No,73,2,No,No,No,No,0,0,2,24,0,2,0,1,0,1,0,1,1,1,1,1,1,1,1,1,2,2,1,2,1,0,0,1,1,0,1,1.519,140,-2.49,360,663,13.72,44.88,-0.934,-25.54,1,18.71,119,1.539,112,-9.09,397,800,18.69,49.37,0.791,-25.08,2,14.37,151
PD05,61,M,Yes,60,0.7,No,No,No,No,0,0,2.5,54,1,3,3,2,1,1,0,1,2,3,3,3,1,1,3,4,2,4,2,3,1,3,1,2,1,1,2,1.543,269,6.72,211,328,42.9,47.12,-0.973,-22.61,5,16.26,78,1.56,230,11.77,206,480,33.54,26.87,0.075,-22.32,5,14.61,151
PD06,58,M,No,58,1,No,No,No,No,0,0,2,29,1,2,0,0,0,0,0,1,1,3,2,1,1,1,3,3,2,1,1,0,1,1,0,1,1,0,2,1.553,317,24.19,186,286,43.83,33.63,0.921,-25,2.75,27.07,124,1.518,181,13.38,611,398,18.18,49.37,1.488,-25.08,2,18.21,593
PD07,79,M,No,78,1,No,No,No,No,0,0,2.5,29,0,0,3,2,0,0,0,0,0,1,2,1,1,2,1,1,1,1,1,2,1,1,1,2,2,1,2,1.563,269,2.47,214,310,60.3,20.12,-5.347,-26.2,5.25,16.33,288,1.566,289,-1.53,251,278,58.9,22.38,0.174,-23.38,5,17.85,203
PD08,59,F,No,57,2,Yes (Aurorix),No,No,No,0,0,2,32,1,2,1,0,0,0,1,2,2,1,2,0,1,0,3,1,3,2,3,1,1,1,0,1,1,0,2,1.568,338,-4.36,145,272,61.31,25.75,1.084,-20.08,6.5,13.42,128,1.573,370,-4.12,118,269,68.65,17.88,0.554,-17.44,13.5,8.21,116
PD09,73,M,No,72,1,No,No,No,No,0,0,2,6,0,0,1,0,1,0,0,0,0,0,0,0,0,0,0,0,1,1,0,0,0,0,0,1,1,0,0,1.552,374,11.1,117,265,52.5,23.5,0.269,-15.04,9.25,12.75,87,1.559,288,5.25,194,317,53.72,31.37,-0.614,-17.04,4,21.25,81
PD10,66,M,No,65,1,Yes (Trittico),No,No,No,0,0,2,22,1,1,1,1,0,0,0,1,1,1,1,0,0,0,1,1,1,1,1,2,1,2,1,1,1,0,1,1.549,281,16.09,213,323,28.8,42.62,0.562,-23.4,4.5,15.48,112,1.556,258,4.99,246,356,38.19,40.37,0.5,-20.2,3.5,15.5,69
PD11,71,M,No,70,1,No,No,No,No,0,0,2.5,15,0,2,0,1,0,0,0,1,1,1,0,0,0,0,1,2,0,0,0,1,0,0,0,2,1,1,1,1.537,234,21.82,198,414,26.7,41.5,1.275,-20.73,3,24.68,44,1.528,174,1.1,433,519,23.55,40.37,-0.179,-22.97,2,18.99,40
PD12,37,F,No,32,5,No,No,No,No,0,0,2,36,0,2,0,0,0,0,0,2,0,3,3,1,2,1,3,2,3,1,4,2,3,1,0,0,1,0,2,1.565,365,-1.28,129,261,70.09,24.63,-1.187,-24.99,6.75,20.68,170,1.556,277,-0.81,214,313,50.98,22.38,0.722,-23.71,4,19.25,179
PD13,43,M,No,37,6,No,No,No,No,0,0,2,11,0,0,0,1,0,1,0,1,1,0,0,1,0,1,0,1,0,1,0,1,0,1,0,1,0,0,0,1.549,301,-1.73,224,280,35.87,25.75,-2.067,-23.49,3.75,24.32,190,1.514,342,3.33,261,248,21.76,26.87,-0.12,-21.98,3,21.11,189
PD14,70,M,No,69,1,No,No,No,No,0,0,2.5,18,0,1,0,0,0,0,0,1,1,1,1,0,1,0,2,1,1,1,1,0,1,0,0,2,1,1,1,1.555,338,-12.49,146,296,38.03,24.63,-3.38,-22.59,5.5,13.67,131,1.573,273,11.04,295,264,57.91,31.38,0.724,-19.23,5,16.5,193
PD15,75,F,No,73,2.5,No,No,No,No,0,0,2,25,0,1,1,0,0,0,1,1,1,1,2,0,1,1,2,1,2,1,3,1,2,1,0,0,1,0,1,1.563,347,23.14,153,257,57.68,26.87,-1.835,-24.66,5.5,16.76,200,1.563,279,8.41,322,264,44.66,35.87,-0.76,-22.32,3.5,20.06,218
PD16,64,F,No,63,1,No,No,No,Yes (Rivotril),0,0.5,1.5,9,1,0,0,0,1,0,0,0,1,0,0,1,0,0,0,1,0,1,0,0,0,1,0,0,1,1,0,1.544,386,6.89,137,245,52.93,28,-1.402,-21.6,5,17.7,101,1.55,297,-5.88,195,307,53.1,35.87,0.628,-18.86,3,13.44,67
PD17,73,F,No,71,2,No,No,No,No,0,0,2.5,29,1,1,2,0,0,0,0,0,0,0,1,1,1,0,0,1,2,3,3,3,1,1,1,3,1,1,2,1.566,339,15.12,146,270,77.13,31.38,-5.548,-18.34,6,15.8,142,1.569,324,-5.26,198,258,60.9,22.37,0.317,-15.8,6,18.86,202
PD18,73,M,No,72,1,No,No,No,No,0,0,2,14,1,2,0,0,0,0,0,1,0,2,1,0,1,0,2,1,0,0,0,0,0,0,0,1,1,0,1,1.56,298,17.84,187,313,38.79,31.38,-6.643,-24.43,7,11.63,79,1.515,278,-2.82,320,316,29.35,35.87,-0.088,-25.14,3,19.11,174
PD19,34,M,No,30,4,No,No,No,No,0,0,2.5,12,0,0,1,1,0,0,0,0,1,0,0,0,0,0,0,0,0,2,0,1,0,2,0,0,2,1,1,1.547,263,-4.82,245,326,40.11,33.62,-0.042,-22.09,3.5,20.62,136,1.562,295,-0.17,225,313,46.69,22.37,1.249,-21.23,4,16.59,49
PD20,70,M,No,69,1,No,No,No,No,0,0,2,9,0,1,0,2,1,0,0,1,1,0,0,0,0,0,0,1,0,0,0,1,0,0,0,1,0,0,0,1.558,312,17.27,140,285,49.76,22.38,-3.22,-25,4.75,16.91,81,1.555,283,-1.06,224,310,34.77,22.38,-0.32,-20.82,5,14.55,118
PD21,70,M,No,69,1,No,No,No,Yes (Rivotril),0,0.5,2,8,1,1,1,1,0,0,0,1,1,0,0,0,0,0,0,0,0,0,0,1,0,0,0,0,1,0,0,1.562,334,17.85,155,270,66.84,40.37,1.209,-22.54,5.25,23.35,76,1.558,278,3.61,194,329,59.1,31.37,-0.736,-20.97,4,21.89,170
PD22,64,M,No,63,1,No,No,No,No,0,0,1.5,6,0,1,0,0,0,0,0,0,0,0,0,0,0,0,1,0,1,0,0,0,0,0,0,1,1,0,1,1.546,283,10.09,183,317,43.53,41.5,-0.989,-22.98,3.5,21.34,166,1.56,208,1,374,397,36.21,26.88,-0.707,-24.08,3,18.56,174
PD23,73,F,No,71,2,No,No,No,No,0,0,2,14,0,0,0,0,0,0,0,1,2,0,1,1,0,0,0,1,1,1,1,2,1,2,0,0,0,0,0,1.446,340,7.56,193,276,48.5,32.5,-5.404,-21.29,2.5,14.51,92,1.564,277,7.36,202,332,47.43,20.13,0.208,-17.8,4,14.93,105
PD24,60,M,Yes,60,1,Yes (Remood),No,No,Yes (Xanax),0,0,2.5,43,1,2,0,1,0,0,0,0,1,3,2,2,1,1,2,3,2,3,3,3,2,2,1,3,1,1,3,1.567,346,22.4,174,257,55.58,31.37,-2.71,-22.11,5.5,20.77,140,1.556,251,7.72,334,308,38.14,31.38,-0.621,-22.34,2,27.49,124
PD25,77,M,No,76,1,No,No,No,No,0,0,2,10,0,1,0,1,0,0,0,2,2,0,0,0,0,0,0,1,0,1,0,1,1,0,0,0,0,0,0,1.564,311,11.41,220,267,57.92,34.75,-0.751,-24.1,4,17.92,192,1.561,200,2.41,417,358,41.74,31.37,0.624,-21.57,2,21.42,248
PD26,68,F,No,67,1,No,No,No,Yes (Rivotril),0,1,2,7,0,0,0,0,0,0,0,0,1,1,0,0,0,0,1,1,0,1,0,1,0,1,0,0,0,0,0,1.562,323,11.24,141,294,63.3,26.88,-1.332,-18.33,5.75,15.95,103,1.559,308,-0.93,208,281,54.89,26.88,-0.719,-17.28,6,11.35,121
PD27,72,M,No,72,0.5,No,No,No,No,0,0,2.5,42,1,3,0,0,0,0,0,1,1,2,2,2,0,0,4,4,3,2,3,3,2,2,0,2,1,1,3,1.556,325,6.64,172,276,65.18,22.37,-0.519,-21.86,4.5,21.87,146,1.566,372,7.91,138,258,61.78,17.88,0.207,-19.67,5,17.99,100
PD28,60,M,No,59,1,No,No,No,No,0,0,2.5,15,1,2,0,0,0,0,0,1,0,1,1,0,0,0,2,1,1,0,0,0,1,0,0,1,1,1,1,1.573,340,14.94,154,258,76.58,22.38,-1.413,-20.32,18.5,5.22,172,1.572,261,-7.02,243,308,51.58,20.13,0.254,-17.7,6,17.47,262
PD29,60,M,No,58,2.3,No,No,No,No,0,0,2,27,1,2,1,2,0,0,0,1,2,1,0,1,0,0,1,2,1,2,2,3,1,2,0,0,1,0,1,1.559,289,18.4,174,303,52.25,47.13,-0.151,-28.5,5.5,17.63,99,1.562,325,3.57,201,287,43.29,22.38,0.019,-21.63,4,24.84,139
PD30,69,M,No,68,1,No,No,No,No,0,0,2.5,12,0,0,1,0,1,0,0,1,1,0,1,0,0,0,2,1,0,0,0,1,0,1,0,1,0,1,0,1.543,276,-4.25,169,332,60.58,29.12,-3.641,-22.91,5.75,17.61,114,1.558,275,10.82,193,349,51.01,35.88,0.884,-20.52,5,13.63,96
RBD01,73,F,No,72,1,No,No,No,Yes (Rivotril),0,0.125,-,3,1,0,0,0,0,0,0,0,0,0,0,1,0,0,0,1,0,0,0,0,0,0,0,0,0,0,0,1.568,377,17.85,132,249,69.43,23.5,0.584,-18.17,5.5,22.66,84,1.575,340,3.62,140,308,67.8,22.38,0.238,-15.69,9,9.58,81
RBD02,54,M,No,46,8,No,No,No,No,0,0,-,2,0,0,0,0,0,0,0,1,0,0,0,1,0,0,0,0,0,0,0,0,0,0,0,0,0,0,0,1.564,359,37.62,135,264,61.22,38.12,0.073,-24.73,7.5,15.16,117,1.568,286,-1.89,221,322,50.47,22.38,-0.449,-15.73,4.5,18.02,266
RBD03,66,M,No,55,11,No,No,No,Yes (Rivotril),0,0.5,-,7,0,0,0,0,0,0,0,0,0,0,1,2,0,0,1,1,0,0,0,2,0,0,0,0,0,0,0,1.55,336,1.68,126,286,52.24,24.63,-2.129,-23.83,5,20,113,1.562,334,-4.89,221,239,55.2,22.38,0.445,-20.16,4.5,16.23,191
RBD04,59,M,No,56,3,No,No,No,No,0,0,-,1,0,0,0,0,0,0,0,1,0,0,0,0,0,0,0,0,0,0,0,0,0,0,0,0,0,0,0,1.551,358,16.54,111,261,69.57,38.13,-0.893,-18.81,6.25,20.63,88,1.555,273,7.01,167,364,40.98,22.38,0.466,-17.91,4,17.52,58
RBD05,75,M,No,59,16,No,No,No,Yes (Rivotril),0,0.5,-,10,0,0,0,0,0,0,0,0,1,0,0,0,0,0,1,2,0,1,0,0,0,0,0,2,1,1,1,1.563,278,9.32,227,294,56.14,35.87,-2.129,-26.61,3.75,21.34,167,1.559,298,7.15,179,299,53.2,31.37,-0.034,-19.99,4,20.96,97
RBD06,71,F,No,66,5,No,No,No,Yes (Rivotril),0,0.5,-,12,0,1,0,0,0,0,0,1,1,0,1,1,0,0,1,2,1,2,0,1,0,0,0,0,0,0,0,1.573,374,8.66,117,273,73.86,24.62,-0.364,-18.3,9.25,13.66,80,1.556,253,6.35,208,373,42.19,26.87,0.426,-21.62,5,12.94,160
RBD07,64,M,No,62,2,No,No,No,No,0,0,-,2,0,1,0,0,0,0,0,1,0,0,0,0,0,0,0,0,0,0,0,0,0,0,0,0,0,0,0,1.541,270,38.15,175,332,69.34,50.5,-0.297,-18.01,4.5,17.17,180,1.56,288,-4.21,224,302,48.77,31.37,-0.483,-13.99,4,21.66,112
RBD08,74,M,No,73,1,No,No,No,No,0,0,-,5,0,0,0,0,0,0,1,1,1,0,0,0,0,0,0,0,0,0,0,0,0,0,1,1,0,0,0,1.558,352,24.26,133,259,79.46,48.25,5.825,-18.31,5.5,19.2,79,1.564,359,-2.33,135,268,63,22.37,0.761,-17.66,7,14.56,82
RBD09,65,M,No,63,2,No,No,No,No,0,0,-,4,0,1,0,0,0,0,0,1,1,0,1,0,0,0,0,0,0,0,0,0,0,0,0,0,0,0,0,1.565,331,3.5,153,268,70.14,31.38,-2.752,-19.67,7.75,21.17,89,1.548,258,-4.41,296,342,43.84,35.88,0.578,-17.12,3,19.12,85
RBD10,69,M,No,64,5,No,No,No,No,0,0,-,2,0,0,0,0,0,0,0,0,0,0,0,0,0,0,1,0,0,0,1,0,0,0,0,0,0,0,0,1.534,329,2.73,145,282,35.79,24.63,-2.334,-22.39,5.5,14.14,76,1.541,332,4.51,146,298,34.94,26.88,-0.446,-21.28,5,14.6,71
RBD11,73,M,No,70,3,No,No,No,No,0,0,-,10,0,1,1,1,0,0,0,1,1,0,0,0,0,0,1,0,0,0,0,0,2,1,0,0,0,1,0,1.569,360,12.47,130,266,56.15,37,-3.499,-20.89,8.25,15.39,87,1.573,322,0.23,183,322,53.33,22.38,-0.199,-20.96,5.5,15.72,161
RBD12,63,M,No,61,2,No,No,No,No,0,0,-,3,0,1,0,0,0,0,0,1,0,0,0,0,0,0,0,0,0,0,1,0,0,0,0,0,0,0,0,1.56,285,7.3,250,303,39.27,25.75,-0.438,-19.66,3.5,23.09,169,1.535,234,-5.3,404,318,29.32,35.88,0.428,-19.33,2,18.07,216
RBD13,67,F,No,63,4,No,No,No,No,0,0,-,2,0,0,0,0,0,0,0,1,0,0,0,0,0,0,0,0,0,0,0,0,0,0,0,0,1,0,0,1.574,398,24.24,140,234,72.55,20.13,-3.837,-22.84,6.25,19.27,85,1.552,282,6.53,280,279,39.52,31.37,0.815,-18,2,16.87,127
RBD14,83,M,No,81,2,No,No,No,No,0,0,-,11,0,0,0,0,0,0,0,0,1,0,0,0,0,0,1,0,0,0,0,1,0,2,0,3,1,2,0,1.54,232,11.3,257,354,34.16,40.38,-8.238,-21.2,1.5,25.67,154,1.555,248,-2.02,292,326,43.72,35.88,-0.853,-20.36,3,24.26,185
RBD15,67,M,No,64,3,No,No,No,No,0,0,-,10,0,2,1,1,0,0,0,0,0,0,0,0,0,0,1,0,0,0,0,0,1,1,0,1,0,1,1,1.541,359,22.56,124,247,77.28,42.63,1.711,-23.7,9,11.19,180,1.535,302,9.03,189,313,39.38,31.37,0.13,-20.3,5,10.79,124
RBD16,61,M,No,56,5,No,No,No,No,0,0,-,0,0,0,0,0,0,0,0,0,0,0,0,0,0,0,0,0,0,0,0,0,0,0,0,0,0,0,0,1.564,278,13,181,327,55.71,26.88,-3.457,-20.87,5.5,17.47,196,1.541,247,-17.87,169,392,30.97,35.88,1.916,-16.26,4,18.19,165
RBD17,69,F,No,61,8,No,No,No,No,0,0,-,4,0,0,0,0,0,0,0,0,0,0,0,0,0,0,1,1,1,1,0,0,0,0,0,0,0,0,0,1.555,279,3.36,201,328,41.09,24.62,2.353,-22.22,4,19.46,181,1.558,233,4.1,237,381,36.52,26.87,0.581,-20.27,3,17.91,219
RBD18,57,F,No,56,1,No,No,No,No,0,0,-,3,0,0,0,0,0,0,0,0,0,0,0,1,0,0,0,0,0,1,0,1,0,0,0,0,0,0,0,1.552,342,2.54,153,271,51.11,24.63,-1.392,-25.41,4.75,20.62,166,1.563,286,0.97,211,342,42.91,22.37,-0.275,-24.48,3.5,21.5,128
RBD19,57,M,No,54,3,No,No,No,No,0,0,-,6,0,0,0,1,0,0,0,0,1,0,0,0,0,0,0,1,0,1,0,1,0,1,0,0,0,0,0,1.559,361,12.31,145,258,47.17,24.62,-2.492,-22.85,4.75,21.43,128,1.555,273,3.21,260,324,34.7,31.37,-0.134,-23.13,4,18.9,195
RBD20,75,M,No,71,4,No,No,No,No,0,0,-,6,0,1,0,0,0,0,2,0,0,0,1,0,0,0,0,0,0,0,0,0,0,0,0,1,1,0,0,1.567,339,10.54,132,302,55.47,28,0.396,-18.38,3.75,16.64,65,1.552,253,1.4,264,351,38.37,31.37,-0.073,-17.27,4,13.33,282
RBD21,71,M,No,68,3,No,No,No,No,0,0,-,13,1,1,0,0,0,0,0,1,1,0,0,0,0,0,1,1,0,0,1,1,0,1,1,2,1,0,0,1.561,289,15.8,187,300,52.05,29.12,-0.001,-22.8,5,16.78,120,1.565,266,5.48,305,289,43.59,20.13,-0.513,-21.41,4,19.71,365
RBD22,59,M,No,54,5,No,No,No,No,0,0,-,4,0,0,0,0,0,0,0,1,1,0,0,0,0,0,0,0,0,0,0,0,0,0,1,0,0,1,0,1.565,354,19.01,126,273,69.08,22.38,0.356,-24.17,8,12.92,102,1.543,273,0.93,217,308,41.71,49.37,-0.013,-20.04,3,22.39,96
RBD23,46,M,No,36,10,Yes (Zoloft),No,No,No,0,0,-,0,0,0,0,0,0,0,0,0,0,0,0,0,0,0,0,0,0,0,0,0,0,0,0,0,0,0,0,1.557,309,4.63,137,317,61.46,31.37,-3.778,-21.75,6.25,15.53,55,1.561,257,-11.18,284,315,46.48,31.37,0.178,-18.49,3,25.28,125
RBD24,76,M,No,68,8,No,No,No,No,0,0,-,7,0,1,0,1,0,0,0,1,2,0,0,0,0,0,0,0,0,0,0,1,0,0,0,1,0,0,0,1.556,318,9.34,166,303,45.84,24.62,-2.057,-22.86,4.5,20.08,167,1.56,231,-2.44,247,437,44.28,26.87,1.119,-19.72,3,17.38,209
RBD25,68,M,No,64,4,Yes (Zoloft),No,No,No,0,0,-,8,0,1,0,0,0,0,0,0,0,0,0,0,0,0,1,0,1,0,0,0,2,0,0,2,1,0,0,1.562,364,23.48,141,248,65.51,24.63,-4.602,-20.69,7,14.25,146,1.547,170,2.06,453,344,35.29,42.62,0.073,-21.58,2,26.43,348
RBD26,66,M,No,65,1,No,No,No,No,0,0,-,6,0,1,0,0,0,0,0,1,0,0,0,0,0,0,1,0,1,0,1,0,0,0,0,0,1,0,0,1.572,288,8.19,184,335,59.87,29.12,-1.172,-20.76,6,13.56,167,1.557,238,5.36,293,345,39.23,31.38,-0.918,-20.42,3,23.22,98
RBD27,48,M,No,46,2,No,No,No,No,0,0,-,5,0,0,0,0,0,0,0,1,1,0,0,0,0,0,0,1,0,0,0,1,0,0,0,1,0,0,0,1.565,339,12.3,188,239,63.95,33.63,-1.412,-23.32,4,24.18,95,1.565,267,-2.38,259,309,50.25,35.87,-0.035,-20.01,4,16.98,146
RBD28,47,M,No,40,7,Yes (Anafranil),No,No,No,0,0,-,0,0,0,0,0,0,0,0,0,0,0,0,0,0,0,0,0,0,0,0,0,0,0,0,0,0,0,0,1.571,404,36.81,142,201,75.53,26.88,0.239,-21.82,6.75,20.34,184,1.554,287,6.68,286,256,44.91,31.37,0.109,-22.18,3,21.97,323
RBD29,56,M,No,55,1,No,No,No,No,0,0,-,1,0,0,0,0,0,0,0,0,0,0,0,0,0,0,0,0,0,1,0,0,0,0,0,0,0,0,0,1.468,293,5.07,226,284,28.83,64,5.013,-23.37,2,18.13,75,1.536,246,-0.78,245,347,28.73,35.88,0.154,-20.16,3,19.94,15
RBD30,52,M,No,50,2,Yes (Citalec),No,No,No,0,0,-,7,0,0,0,0,0,0,0,0,0,0,0,0,0,0,1,1,1,1,1,1,0,0,0,0,0,1,0,1.549,297,22.22,209,326,40.79,26.88,2.038,-22.82,5.25,10.86,43,1.566,271,-1.52,240,339,45.18,26.88,0,-22.11,5,12.36,112
RBD31,67,F,No,62,5,No,No,No,Yes (Rivotril),0,0.125,-,2,0,0,0,0,0,0,0,0,1,0,0,0,0,0,0,0,0,0,0,1,0,0,0,0,0,0,0,1.573,449,15.8,112,219,94.53,26.87,0.588,-16.75,10,10.85,67,1.574,311,2.36,158,293,71.32,22.37,-0.587,-17.22,8,14.73,171
RBD32,65,M,No,50,15,No,No,No,No,0,0,-,2,0,1,0,0,0,0,0,0,0,0,0,0,0,0,0,0,0,0,0,0,0,0,0,0,0,1,0,1.552,338,16.21,179,264,39.21,26.88,-4.43,-18.65,4,20.82,142,1.559,259,0.95,274,310,34.53,26.88,-0.834,-22.43,5,14.24,208
RBD33,69,F,Yes,67,2,Yes (Velaxin),No,No,No,0,0,-,5,0,0,0,0,0,0,0,0,0,0,0,0,0,0,0,0,1,1,1,2,0,0,0,0,0,0,0,1.523,290,0.11,220,290,55.02,32.5,-2.888,-21.8,4.5,17.22,154,1.558,322,0.9,161,310,47.61,31.37,0.156,-18.52,6,15.77,79
RBD34,69,M,No,63,6,Yes (Asentra),No,No,No,0,0,-,9,0,1,1,0,0,0,0,2,1,0,0,0,0,0,0,0,0,0,1,0,1,1,1,0,0,0,0,1.556,303,6.25,187,304,51.65,30.25,1.162,-27.91,5,15.33,107,1.554,261,7.64,260,352,34.61,26.87,-0.204,-20.92,3,18.22,120
RBD35,62,M,No,57,5,No,No,No,No,0,0,-,0,0,0,0,0,0,0,0,0,0,0,0,0,0,0,0,0,0,0,0,0,0,0,0,0,0,0,0,1.534,337,21.35,162,288,35.17,29.13,-2.466,-20.25,3.25,19.27,80,1.544,259,-2.74,271,348,28.56,35.87,0.789,-20.99,3,20.93,128
RBD36,68,M,No,57,11,No,No,No,Yes (Rivotril),0,2,-,4,0,1,0,0,0,0,0,1,1,0,0,0,0,0,0,0,0,0,0,1,0,0,0,0,0,0,0,1.511,299,0.89,207,316,29.65,34.75,-2.176,-20.06,3,18.79,129,1.542,228,-0.33,344,353,31.36,35.87,-0.351,-21.55,2,24.22,107
RBD37,68,M,No,58,10,No,No,No,No,0,0,-,2,0,1,0,0,0,0,0,0,0,0,0,0,0,0,0,0,0,0,0,0,0,1,0,0,0,0,0,1.56,301,20.72,158,296,47.42,24.62,1.359,-16.97,6.75,14.09,125,1.557,302,-6.13,231,235,59.1,31.37,-0.186,-11.81,3,28.88,323
RBD38,65,M,No,54,11,No,No,No,No,0,0,-,10,1,2,0,0,0,0,0,0,1,0,0,0,0,0,0,2,0,1,0,1,0,1,0,1,0,0,0,1.527,309,-2.49,190,291,34.28,28,1.079,-26.48,3,19.07,200,1.512,202,-3.03,384,440,16.62,49.37,-0.857,-23.06,2,16.32,93
RBD39,78,M,No,61,17,No,No,No,No,0,0,-,21,0,2,0,0,0,0,0,1,1,0,1,0,0,0,2,1,1,1,2,2,2,2,1,0,0,1,1,1.555,291,2.94,142,332,59.43,20.13,-12.591,-23.67,6.75,16.94,155,1.536,235,1.52,297,354,40.03,58.37,-0.286,-23.53,3,17.95,102
RBD40,60,M,No,57,3,No,No,No,No,0,0,-,6,0,0,0,0,0,0,0,0,1,0,0,0,0,0,0,1,1,1,0,0,0,1,0,1,0,0,0,1.559,296,4.4,245,267,56.43,29.13,-1.372,-30.48,3.25,21.83,121,1.556,269,0.21,253,348,27.13,22.38,0.241,-23.91,3,24.02,93
RBD41,65,M,No,53,12,No,No,No,No,0,0,-,1,0,0,0,0,0,0,0,1,0,0,0,0,0,0,0,0,0,0,0,0,0,0,0,0,0,0,0,1.554,264,14.89,203,348,45.95,26.88,-0.102,-19.17,4,17.05,158,1.559,390,4.02,140,269,54.93,17.88,0.139,-18.47,6,17.65,70
RBD42,68,M,No,63,5,No,No,No,Yes (Neurol),0,0,-,10,0,0,1,1,0,0,0,1,2,0,0,0,0,0,1,1,1,1,0,0,0,0,0,1,0,0,0,1.546,302,-17.4,181,304,42.12,32.5,-5.076,-19.48,3.5,22.81,152,1.558,268,0.96,202,329,39.9,22.38,0.296,-17.88,4,18.1,89
RBD43,63,M,No,62,1,No,No,No,No,0,0,-,7,0,1,0,1,0,0,0,0,1,0,1,0,0,0,0,1,0,1,0,0,0,0,0,1,0,0,0,1.556,294,30.59,177,335,49.36,24.63,0.92,-23.55,5.5,11.93,182,1.567,307,-2.59,191,284,59.45,26.87,1.487,-20.88,5,13.79,144
RBD44,76,M,No,60,16,No,No,No,No,0,0,-,4,0,1,0,0,0,0,0,0,0,0,0,0,0,0,0,0,0,1,0,0,0,0,0,2,0,0,0,1.562,320,11.32,179,266,57.98,29.13,-2.824,-22.68,5.5,19.07,113,1.558,270,2.23,202,322,63.1,22.37,0.116,-19.77,6,16.46,128
RBD45,51,M,No,41,10,No,No,No,No,0,0,-,0,0,0,0,0,0,0,0,0,0,0,0,0,0,0,0,0,0,0,0,0,0,0,0,0,0,0,0,1.485,317,9.15,147,313,21.09,42.63,1.389,-18.09,4,14.74,42,1.547,255,0.7,186,360,37.84,35.88,0.286,-20.91,3,15.51,80
RBD46,77,M,No,74,3,No,No,No,No,0,0,-,6,0,0,0,0,0,0,0,1,1,0,1,0,0,0,1,1,1,0,0,0,0,0,0,0,0,0,0,1.501,215,2.85,388,418,20.52,50.5,-0.619,-24.45,1,29.16,10,1.53,144,3.85,379,671,14.68,40.37,0.039,-24.31,1.5,21,52
RBD47,73,M,No,68,5,No,No,No,No,0,0,-,3,0,1,0,0,0,0,0,0,0,0,0,0,0,0,1,1,0,0,0,0,0,0,0,0,0,0,0,1.554,354,11.18,130,272,48.63,29.12,-6.67,-23.44,4.25,20.43,65,1.554,338,-1.97,143,307,38.18,22.37,0.555,-21.27,5,15.44,69
RBD48,72,F,No,69,3,No,No,No,No,0,0,-,3,0,0,0,0,0,0,0,0,0,0,0,0,0,0,1,0,1,0,0,0,0,0,0,1,0,0,0,1.574,327,16.59,190,252,75.91,26.88,-1.157,-22.02,7,15.3,148,1.575,339,5.3,178,260,74.16,22.37,-0.318,-16.02,5,24.07,117
RBD49,59,M,No,50,9,No,No,No,No,0,0,-,5,0,1,0,0,0,0,0,1,1,0,0,0,0,0,0,0,0,0,0,0,0,0,1,1,0,0,0,1.537,297,4.46,185,274,61.76,35.88,0.835,-15.32,5.5,15.78,69,1.55,266,4.61,178,317,58.27,29.13,-0.347,-19.73,5,16.04,90
RBD50,40,F,No,33,7,Yes (Cipralex),No,No,Yes (Neurol),0,0,-,4,0,0,0,0,0,0,0,1,1,0,0,0,0,0,0,0,1,0,0,0,0,0,0,0,1,0,0,1.48,369,43.37,136,214,109.5,46,0.911,-15.39,6.5,24.49,85,1.571,288,10.42,227,291,56.59,26.88,0.725,-16.65,4.5,14.54,156
HC01,73,M,-,-,-,No,No,No,No,0,0,-,-,-,-,-,-,-,-,-,-,-,-,-,-,-,-,-,-,-,-,-,-,-,-,-,-,-,-,-,1.546,249,25.8,185,366,43.86,34.75,-0.078,-26.25,4.5,22.24,118,1.539,241,3.69,269,381,27.91,29.13,0.335,-25.79,2,18.49,128
HC02,45,M,-,-,-,No,No,No,No,0,0,-,-,-,-,-,-,-,-,-,-,-,-,-,-,-,-,-,-,-,-,-,-,-,-,-,-,-,-,-,1.555,339,15.63,157,263,43.42,30.25,-0.761,-28.5,4.25,23.44,143,1.548,335,-0.12,215,274,31.49,22.38,0.338,-24.61,6,13.72,260
HC03,77,M,-,-,-,No,No,No,No,0,0,-,-,-,-,-,-,-,-,-,-,-,-,-,-,-,-,-,-,-,-,-,-,-,-,-,-,-,-,-,1.524,319,12.82,149,290,34.35,49.38,2.341,-22.96,4,15.56,117,1.558,342,-1.28,199,242,72.96,17.88,0.135,-18.61,3,24.95,150
HC04,61,M,-,-,-,No,No,No,No,0,0,-,-,-,-,-,-,-,-,-,-,-,-,-,-,-,-,-,-,-,-,-,-,-,-,-,-,-,-,-,1.546,392,-9.4,109,245,43.72,22.38,-4.831,-18.25,8,9.94,57,1.542,347,11.65,226,258,32.87,22.38,-0.448,-23.69,3,18.23,116
HC05,56,M,-,-,-,No,No,No,No,0,0,-,-,-,-,-,-,-,-,-,-,-,-,-,-,-,-,-,-,-,-,-,-,-,-,-,-,-,-,-,1.558,417,40.07,117,229,59.33,28,-0.302,-16.28,10,8.87,138,1.557,294,-6.1,219,305,35.46,31.37,-0.406,-12.46,5,13.89,58
HC06,65,M,-,-,-,No,No,No,No,0,0,-,-,-,-,-,-,-,-,-,-,-,-,-,-,-,-,-,-,-,-,-,-,-,-,-,-,-,-,-,1.548,347,32.06,148,245,50.68,40.38,-1.987,-22.52,5.75,19.77,182,1.567,333,-0.98,180,278,60.97,17.88,-1.003,-21.09,3.5,21.51,140
HC07,45,M,-,-,-,No,No,No,No,0,0,-,-,-,-,-,-,-,-,-,-,-,-,-,-,-,-,-,-,-,-,-,-,-,-,-,-,-,-,-,1.549,312,26.56,138,318,23.31,29.13,-0.573,-22.12,4,16.19,70,1.555,215,-5.91,258,407,26.44,26.87,0.606,-21,3,19.95,180
HC08,66,M,-,-,-,No,No,No,No,0,0,-,-,-,-,-,-,-,-,-,-,-,-,-,-,-,-,-,-,-,-,-,-,-,-,-,-,-,-,-,1.543,360,13,134,284,41.17,23.5,-6.035,-19.92,5,16.18,84,1.541,265,14.64,142,392,36.95,26.87,-0.687,-22.15,5,9,51
HC09,45,M,-,-,-,No,No,No,No,0,0,-,-,-,-,-,-,-,-,-,-,-,-,-,-,-,-,-,-,-,-,-,-,-,-,-,-,-,-,-,1.557,388,-12.84,136,243,40.7,20.13,-1.211,-28.43,5,22.2,118,1.562,295,5.63,211,299,30.62,22.38,0.434,-26.54,5,14.34,138
HC10,74,F,-,-,-,No,No,No,No,0,0,-,-,-,-,-,-,-,-,-,-,-,-,-,-,-,-,-,-,-,-,-,-,-,-,-,-,-,-,-,1.553,336,6.16,162,252,73.84,21.25,-3.201,-25.72,6,19.6,214,1.576,367,8.71,151,264,59.11,17.88,-0.338,-22.21,10.5,9.24,240
HC11,65,M,-,-,-,No,No,No,No,0,0,-,-,-,-,-,-,-,-,-,-,-,-,-,-,-,-,-,-,-,-,-,-,-,-,-,-,-,-,-,1.565,403,17.55,130,229,64.32,24.62,-11.27,-15.27,5.25,40.22,175,1.564,393,3.6,147,238,65.63,26.87,0.127,-9.27,5,17.7,108
HC12,56,M,-,-,-,No,No,No,No,0,0,-,-,-,-,-,-,-,-,-,-,-,-,-,-,-,-,-,-,-,-,-,-,-,-,-,-,-,-,-,1.544,335,8.91,159,284,38,28,-0.292,-27.46,3.5,21.75,106,1.53,314,1.05,179,311,26.16,26.88,0.01,-21.32,3,17.8,50
HC13,74,F,-,-,-,No,No,No,No,0,0,-,-,-,-,-,-,-,-,-,-,-,-,-,-,-,-,-,-,-,-,-,-,-,-,-,-,-,-,-,1.559,359,13.67,139,266,42.87,23.5,-5.017,-22.24,4.5,21.05,106,1.555,316,3.92,157,324,42.14,22.38,-0.837,-22.63,4,20.23,75
HC14,70,F,-,-,-,No,No,No,No,0,0,-,-,-,-,-,-,-,-,-,-,-,-,-,-,-,-,-,-,-,-,-,-,-,-,-,-,-,-,-,1.542,346,14.13,139,285,49.91,29.13,1.905,-25.85,5,16.66,101,1.566,307,0.49,130,380,50.9,22.37,0.339,-22.34,7,11.08,83
HC15,73,M,-,-,-,No,No,No,No,0,0,-,-,-,-,-,-,-,-,-,-,-,-,-,-,-,-,-,-,-,-,-,-,-,-,-,-,-,-,-,1.563,357,7.32,147,254,65.13,26.88,-3.01,-20.38,5.5,17.7,171,1.568,343,-1.42,161,293,59.15,22.37,-0.245,-17.34,6,13.29,122
HC16,65,M,-,-,-,No,No,No,No,0,0,-,-,-,-,-,-,-,-,-,-,-,-,-,-,-,-,-,-,-,-,-,-,-,-,-,-,-,-,-,1.559,363,-10.52,143,281,44.38,29.12,0.352,-18.42,7.25,11.48,325,1.565,337,5.26,173,290,48.09,31.37,1.323,-12.78,7,14.82,70
HC17,74,M,-,-,-,No,No,No,No,0,0,-,-,-,-,-,-,-,-,-,-,-,-,-,-,-,-,-,-,-,-,-,-,-,-,-,-,-,-,-,1.545,241,19.57,191,362,42.66,44.88,-0.123,-23.24,3.5,23.46,156,1.544,233,-0.62,255,367,39.71,31.38,0.029,-24.14,4,15.9,250
HC18,51,M,-,-,-,No,No,No,No,0,0,-,-,-,-,-,-,-,-,-,-,-,-,-,-,-,-,-,-,-,-,-,-,-,-,-,-,-,-,-,1.563,389,7.35,145,240,53.89,40.37,-1.857,-21.06,6.75,17.69,189,1.564,290,-4.01,285,259,42.95,26.88,-0.328,-21.65,5,18.67,229
HC19,58,M,-,-,-,No,No,No,No,0,0,-,-,-,-,-,-,-,-,-,-,-,-,-,-,-,-,-,-,-,-,-,-,-,-,-,-,-,-,-,1.557,381,11.33,130,248,72.14,25.75,-0.47,-22.32,8,16.1,91,1.574,412,2.6,152,211,72.56,17.88,-0.758,-17.66,8,15.48,140
HC20,60,M,-,-,-,No,No,No,No,0,0,-,-,-,-,-,-,-,-,-,-,-,-,-,-,-,-,-,-,-,-,-,-,-,-,-,-,-,-,-,1.508,329,18.73,129,336,38.36,20.13,-0.878,-16.81,9,5.76,124,1.512,301,3.02,139,360,22.71,22.38,0.181,-16.74,5,9.76,92
HC21,40,F,-,-,-,No,No,No,No,0,0,-,-,-,-,-,-,-,-,-,-,-,-,-,-,-,-,-,-,-,-,-,-,-,-,-,-,-,-,-,1.567,399,-1.36,105,253,79.78,22.38,-0.868,-20.58,9.75,14.26,70,1.574,348,-3.52,141,300,60.65,17.88,0.141,-19.12,9,9.97,151
HC22,51,M,-,-,-,No,No,No,No,0,0,-,-,-,-,-,-,-,-,-,-,-,-,-,-,-,-,-,-,-,-,-,-,-,-,-,-,-,-,-,1.557,372,23.33,96,255,79.37,42.62,-2.238,-19.52,17.25,6.61,234,1.558,367,3.62,117,274,52.62,22.38,-0.664,-14.34,7,11.35,44
HC23,55,M,-,-,-,No,No,No,No,0,0,-,-,-,-,-,-,-,-,-,-,-,-,-,-,-,-,-,-,-,-,-,-,-,-,-,-,-,-,-,1.558,354,13.85,140,252,54.37,24.63,-5.462,-17.16,4.5,21.64,97,1.56,235,8.86,233,341,63.91,26.88,0.438,-17.68,3,25.86,55
HC24,79,F,-,-,-,No,No,No,No,0,0,-,-,-,-,-,-,-,-,-,-,-,-,-,-,-,-,-,-,-,-,-,-,-,-,-,-,-,-,-,1.561,342,12.58,164,262,48.84,29.12,-2.191,-21.43,4.5,22.76,95,1.567,346,1.71,176,261,53.6,22.37,0.435,-19.24,4,19.21,72
HC25,58,M,-,-,-,No,No,No,No,0,0,-,-,-,-,-,-,-,-,-,-,-,-,-,-,-,-,-,-,-,-,-,-,-,-,-,-,-,-,-,1.554,303,14.34,176,298,45.21,29.13,1.004,-29.11,4.75,18.06,183,1.556,275,1.22,270,295,41.81,22.38,-0.172,-22.68,4,19.31,129
HC26,54,M,-,-,-,No,No,No,No,0,0,-,-,-,-,-,-,-,-,-,-,-,-,-,-,-,-,-,-,-,-,-,-,-,-,-,-,-,-,-,1.549,360,17.37,196,228,46.13,24.63,-3.081,-22.57,5.5,17.84,184,1.551,268,1.74,298,286,39.87,31.37,1.027,-20.42,3,20.13,120
HC27,69,F,-,-,-,No,No,No,No,0,0,-,-,-,-,-,-,-,-,-,-,-,-,-,-,-,-,-,-,-,-,-,-,-,-,-,-,-,-,-,1.559,395,8.09,118,232,58.42,26.88,-6.663,-22.86,6,21.01,53,1.566,344,-1.66,166,267,56.52,31.37,0.019,-17.74,6,12.54,104
HC28,75,M,-,-,-,No,No,No,No,0,0,-,-,-,-,-,-,-,-,-,-,-,-,-,-,-,-,-,-,-,-,-,-,-,-,-,-,-,-,-,1.547,376,18.34,148,221,63.04,26.88,-1.518,-22.43,4,24.03,73,1.551,400,1.4,174,216,46.17,22.38,0.319,-20.85,6,18.19,86
HC29,71,F,-,-,-,No,No,No,No,0,0,-,-,-,-,-,-,-,-,-,-,-,-,-,-,-,-,-,-,-,-,-,-,-,-,-,-,-,-,-,1.566,350,9.57,160,244,66,37,-3.007,-16.24,4,35.03,54,1.56,351,5.07,207,242,52.93,26.88,-0.538,-13.67,3,21.44,84
HC30,72,F,-,-,-,No,No,No,No,0,0,-,-,-,-,-,-,-,-,-,-,-,-,-,-,-,-,-,-,-,-,-,-,-,-,-,-,-,-,-,1.563,361,20.36,117,264,70.8,22.37,-2.522,-21.27,7.5,14.75,134,1.536,353,3.2,164,269,49.15,26.87,-0.574,-20.02,5,11.26,75
HC31,72,M,-,-,-,No,No,No,No,0,0,-,-,-,-,-,-,-,-,-,-,-,-,-,-,-,-,-,-,-,-,-,-,-,-,-,-,-,-,-,1.542,279,10.43,244,318,32.94,38.13,-3.965,-26.49,3.25,18.11,112,1.547,316,1.48,247,281,37.1,26.88,-0.059,-20.81,4,16.53,205
HC32,75,M,-,-,-,No,No,No,No,0,0,-,-,-,-,-,-,-,-,-,-,-,-,-,-,-,-,-,-,-,-,-,-,-,-,-,-,-,-,-,1.555,337,14.51,156,271,44.12,21.25,0.236,-24.83,5,19.61,113,1.553,360,1.84,129,288,31.93,22.37,-0.153,-16.47,5,16.72,71
HC33,74,M,-,-,-,No,No,No,No,0,0,-,-,-,-,-,-,-,-,-,-,-,-,-,-,-,-,-,-,-,-,-,-,-,-,-,-,-,-,-,1.553,343,-2.26,158,254,56.64,31.38,-1.066,-22.59,4.5,23.08,89,1.56,302,0.44,170,331,39.34,22.38,-0.786,-20.2,4,19.72,97
HC34,66,M,-,-,-,No,No,No,No,0,0,-,-,-,-,-,-,-,-,-,-,-,-,-,-,-,-,-,-,-,-,-,-,-,-,-,-,-,-,-,1.57,402,13.71,119,234,88.23,21.25,-8.685,-22.65,8,15.97,165,1.558,368,2.7,166,255,46.84,26.87,-0.366,-21.36,6,14.72,201
HC35,70,M,-,-,-,No,No,No,No,0,0,-,-,-,-,-,-,-,-,-,-,-,-,-,-,-,-,-,-,-,-,-,-,-,-,-,-,-,-,-,1.539,303,-9.85,163,297,35.99,21.25,-4.084,-29.67,3,23.25,144,1.563,309,0.1,200,288,52.21,22.37,-0.484,-25.41,5,19.75,144
HC36,65,M,-,-,-,No,No,No,No,0,0,-,-,-,-,-,-,-,-,-,-,-,-,-,-,-,-,-,-,-,-,-,-,-,-,-,-,-,-,-,1.563,353,-7.45,153,257,60.9,21.25,-1.998,-22.2,5,21.35,108,1.569,346,-3.18,177,267,57.01,17.88,-0.141,-19.24,4.5,21.03,124
HC37,72,M,-,-,-,No,No,No,No,0,0,-,-,-,-,-,-,-,-,-,-,-,-,-,-,-,-,-,-,-,-,-,-,-,-,-,-,-,-,-,1.56,336,-3.45,128,288,62.66,26.87,-5.26,-25.44,5.5,19.04,85,1.561,298,0.7,177,330,47.25,17.88,-1.088,-22.73,6,12.65,33
HC38,83,F,-,-,-,No,No,No,No,0,0,-,-,-,-,-,-,-,-,-,-,-,-,-,-,-,-,-,-,-,-,-,-,-,-,-,-,-,-,-,1.565,299,-7.17,144,346,54.81,33.63,0.139,-23.66,5.25,17.77,113,1.564,245,0.83,220,373,48.15,35.88,0.677,-21.51,6,13.12,100
HC39,75,M,-,-,-,No,No,No,No,0,0,-,-,-,-,-,-,-,-,-,-,-,-,-,-,-,-,-,-,-,-,-,-,-,-,-,-,-,-,-,1.55,382,33.64,121,237,69.17,51.63,-1.588,-20.67,7.25,28.85,117,1.563,359,0.22,143,265,57.28,22.37,-0.165,-19.81,5,16.09,77
HC40,67,M,-,-,-,No,No,No,No,0,0,-,-,-,-,-,-,-,-,-,-,-,-,-,-,-,-,-,-,-,-,-,-,-,-,-,-,-,-,-,1.554,321,1.42,156,281,52.85,20.13,2.971,-23.41,8,9.84,171,1.56,297,-0.04,178,318,52.53,22.38,0.42,-22.66,7,13.5,169
HC41,52,M,-,-,-,No,No,No,No,0,0,-,-,-,-,-,-,-,-,-,-,-,-,-,-,-,-,-,-,-,-,-,-,-,-,-,-,-,-,-,1.545,328,-15.82,168,264,38.54,40.37,-2.613,-27.62,3.75,22.91,129,1.563,330,-3.25,197,275,44.18,31.37,0.781,-19.87,6,18.08,145
HC42,68,M,-,-,-,No,No,No,No,0,0,-,-,-,-,-,-,-,-,-,-,-,-,-,-,-,-,-,-,-,-,-,-,-,-,-,-,-,-,-,1.56,315,20.01,158,277,73.93,29.13,2.94,-24.34,9.5,9.53,308,1.564,181,-5.38,460,357,41.14,40.37,-1.417,-23.68,4,14.44,522
HC43,65,M,-,-,-,No,No,No,No,0,0,-,-,-,-,-,-,-,-,-,-,-,-,-,-,-,-,-,-,-,-,-,-,-,-,-,-,-,-,-,1.557,323,33.94,139,292,57.45,24.62,2.226,-24.76,5.5,16.5,141,1.552,274,1.32,193,328,50.61,13.37,0.046,-20.7,4.5,19.54,138
HC44,54,M,-,-,-,No,No,No,No,0,0,-,-,-,-,-,-,-,-,-,-,-,-,-,-,-,-,-,-,-,-,-,-,-,-,-,-,-,-,-,1.561,350,-20.32,154,260,53.61,24.62,-4.169,-23.28,9.5,11.81,441,1.568,315,5.04,184,269,58.73,26.88,-0.385,-19.08,7,15.35,144
HC45,46,M,-,-,-,No,No,No,No,0,0,-,-,-,-,-,-,-,-,-,-,-,-,-,-,-,-,-,-,-,-,-,-,-,-,-,-,-,-,-,1.53,457,17.62,125,197,44.38,20.13,-5.649,-16.49,8.75,10.91,133,1.564,384,-1.67,132,241,56.71,22.37,-0.201,-8.86,6,15.75,117
HC46,69,M,-,-,-,No,No,No,No,0,0,-,-,-,-,-,-,-,-,-,-,-,-,-,-,-,-,-,-,-,-,-,-,-,-,-,-,-,-,-,1.564,265,3.58,198,365,40.25,26.88,-1.872,-28.04,6.5,10.24,158,1.554,254,8.43,264,380,36.36,26.88,0.023,-23.12,3,15.41,177
HC47,68,M,-,-,-,No,No,No,No,0,0,-,-,-,-,-,-,-,-,-,-,-,-,-,-,-,-,-,-,-,-,-,-,-,-,-,-,-,-,-,1.547,291,6.31,183,359,39.59,31.37,-1.517,-22.87,5,13.46,224,1.569,300,4.09,177,359,47.06,22.37,-0.117,-18.67,5,16.94,138
HC48,53,M,-,-,-,No,No,No,No,0,0,-,-,-,-,-,-,-,-,-,-,-,-,-,-,-,-,-,-,-,-,-,-,-,-,-,-,-,-,-,1.54,298,-13.66,177,283,53.01,50.5,-1.111,-22.91,4.5,19.11,251,1.537,246,5.09,223,391,37.74,40.37,0.411,-15.56,3,19.51,156
HC49,44,M,-,-,-,No,No,No,No,0,0,-,-,-,-,-,-,-,-,-,-,-,-,-,-,-,-,-,-,-,-,-,-,-,-,-,-,-,-,-,1.56,359,-2.44,169,256,50.68,17.88,-0.823,-23.82,6.5,18.14,226,1.561,262,2.8,252,361,38.92,26.88,0.389,-17.53,4,17.51,154
HC50,54,M,-,-,-,No,No,No,No,0,0,-,-,-,-,-,-,-,-,-,-,-,-,-,-,-,-,-,-,-,-,-,-,-,-,-,-,-,-,-,1.552,264,6.49,171,354,35.59,29.13,-0.469,-28.26,4.5,17.57,158,1.566,281,0.24,235,319,44.56,26.88,1.137,-27.31,4,14.04,130
